,n,t,r,d,i,id,iter
0,200,10,1,93.4,0,2000,5
1,200,10,1,93.4,1,2000,5
2,200,10,1,93.6,2,2000,5
3,200,10,1,94.0,3,2000,5
4,200,10,1,94.6,4,2000,5
5,200,10,1,95.0,5,2000,5
6,200,10,1,95.2,6,2000,5
7,200,10,1,95.2,7,2000,5
8,200,10,1,95.4,8,2000,5
9,200,10,1,95.6,9,2000,5
10,200,10,1,96.0,10,2000,5
11,200,10,1,96.2,11,2000,5
12,200,10,1,96.2,12,2000,5
13,200,10,1,97.8,13,2000,5
14,200,10,1,97.8,14,2000,5
15,200,10,1,98.2,15,2000,5
16,200,10,1,98.4,16,2000,5
17,200,10,1,98.4,17,2000,5
18,200,10,1,99.0,18,2000,5
19,200,10,1,99.2,19,2000,5
20,200,10,1,99.6,20,2000,5
21,200,10,1,99.6,21,2000,5
22,200,10,1,99.8,22,2000,5
23,200,10,1,99.8,23,2000,5
24,200,10,1,99.4,24,2000,5
25,200,10,1,100.6,25,2000,5
26,200,10,1,100.8,26,2000,5
27,200,10,1,101.0,27,2000,5
28,200,10,1,101.4,28,2000,5
29,200,10,1,101.8,29,2000,5
30,200,10,1,101.8,30,2000,5
31,200,10,1,102.6,31,2000,5
32,200,10,1,103.2,32,2000,5
33,200,10,1,103.2,33,2000,5
34,200,10,1,103.2,34,2000,5
35,200,10,1,104.0,35,2000,5
36,200,10,1,104.0,36,2000,5
37,200,10,1,104.8,37,2000,5
38,200,10,1,105.0,38,2000,5
39,200,10,1,105.0,39,2000,5
40,200,10,1,105.4,40,2000,5
41,200,10,1,105.6,41,2000,5
42,200,10,1,106.0,42,2000,5
43,200,10,1,106.2,43,2000,5
44,200,10,1,106.6,44,2000,5
45,200,10,1,106.6,45,2000,5
46,200,10,1,107.2,46,2000,5
47,200,10,1,107.2,47,2000,5
48,200,10,1,107.6,48,2000,5
49,200,10,1,108.0,49,2000,5
50,200,10,1,108.2,50,2000,5
51,200,10,1,108.2,51,2000,5
52,200,10,1,108.2,52,2000,5
53,200,10,1,108.4,53,2000,5
54,200,10,1,109.0,54,2000,5
55,200,10,1,109.4,55,2000,5
56,200,10,1,109.4,56,2000,5
57,200,10,1,109.8,57,2000,5
58,200,10,1,110.2,58,2000,5
59,200,10,1,110.6,59,2000,5
60,200,10,1,110.6,60,2000,5
61,200,10,1,111.2,61,2000,5
62,200,10,1,111.4,62,2000,5
63,200,10,1,111.6,63,2000,5
64,200,10,1,111.6,64,2000,5
65,200,10,1,111.6,65,2000,5
66,200,10,1,112.2,66,2000,5
67,200,10,1,112.2,67,2000,5
68,200,10,1,112.8,68,2000,5
69,200,10,1,113.0,69,2000,5
70,200,10,1,113.2,70,2000,5
71,200,10,1,113.6,71,2000,5
72,200,10,1,113.8,72,2000,5
73,200,10,1,114.0,73,2000,5
74,200,10,1,114.6,74,2000,5
75,200,10,1,114.8,75,2000,5
76,200,10,1,115.0,76,2000,5
77,200,10,1,115.0,77,2000,5
78,200,10,1,115.0,78,2000,5
79,200,10,1,115.4,79,2000,5
80,200,10,1,115.6,80,2000,5
81,200,10,1,115.8,81,2000,5
82,200,10,1,115.8,82,2000,5
83,200,10,1,116.2,83,2000,5
84,200,10,1,116.6,84,2000,5
85,200,10,1,116.8,85,2000,5
86,200,10,1,117.0,86,2000,5
87,200,10,1,117.4,87,2000,5
88,200,10,1,117.6,88,2000,5
89,200,10,1,117.6,89,2000,5
90,200,10,1,117.8,90,2000,5
91,200,10,1,118.8,91,2000,5
92,200,10,1,119.0,92,2000,5
93,200,10,1,119.2,93,2000,5
94,200,10,1,119.2,94,2000,5
95,200,10,1,119.4,95,2000,5
96,200,10,1,120.0,96,2000,5
97,200,10,1,120.8,97,2000,5
98,200,10,1,120.8,98,2000,5
99,200,10,1,121.2,99,2000,5
100,200,10,1,121.2,100,2000,5
101,200,10,1,121.6,101,2000,5
102,200,10,1,121.8,102,2000,5
103,200,10,1,122.0,103,2000,5
104,200,10,1,122.6,104,2000,5
105,200,10,1,122.6,105,2000,5
106,200,10,1,122.6,106,2000,5
107,200,10,1,123.0,107,2000,5
108,200,10,1,123.0,108,2000,5
109,200,10,1,123.4,109,2000,5
110,200,10,1,123.4,110,2000,5
111,200,10,1,123.4,111,2000,5
112,200,10,1,123.2,112,2000,5
113,200,10,1,123.4,113,2000,5
114,200,10,1,124.0,114,2000,5
115,200,10,1,124.0,115,2000,5
116,200,10,1,124.4,116,2000,5
117,200,10,1,124.4,117,2000,5
118,200,10,1,124.4,118,2000,5
119,200,10,1,124.6,119,2000,5
120,200,10,1,124.8,120,2000,5
121,200,10,1,125.2,121,2000,5
122,200,10,1,125.2,122,2000,5
123,200,10,1,125.0,123,2000,5
124,200,10,1,125.0,124,2000,5
125,200,10,1,125.0,125,2000,5
126,200,10,1,125.2,126,2000,5
127,200,10,1,125.2,127,2000,5
128,200,10,1,125.8,128,2000,5
129,200,10,1,126.2,129,2000,5
130,200,10,1,126.6,130,2000,5
131,200,10,1,126.8,131,2000,5
132,200,10,1,127.2,132,2000,5
133,200,10,1,127.2,133,2000,5
134,200,10,1,127.0,134,2000,5
135,200,10,1,127.6,135,2000,5
136,200,10,1,128.2,136,2000,5
137,200,10,1,128.2,137,2000,5
138,200,10,1,128.4,138,2000,5
139,200,10,1,128.6,139,2000,5
140,200,10,1,128.8,140,2000,5
141,200,10,1,128.8,141,2000,5
142,200,10,1,129.4,142,2000,5
143,200,10,1,129.6,143,2000,5
144,200,10,1,129.6,144,2000,5
145,200,10,1,130.6,145,2000,5
146,200,10,1,130.8,146,2000,5
147,200,10,1,131.2,147,2000,5
148,200,10,1,131.4,148,2000,5
149,200,10,1,131.6,149,2000,5
150,200,10,1,132.2,150,2000,5
151,200,10,1,132.6,151,2000,5
152,200,10,1,132.8,152,2000,5
153,200,10,1,133.2,153,2000,5
154,200,10,1,133.2,154,2000,5
155,200,10,1,133.2,155,2000,5
156,200,10,1,133.4,156,2000,5
157,200,10,1,133.6,157,2000,5
158,200,10,1,134.0,158,2000,5
159,200,10,1,134.2,159,2000,5
160,200,10,1,134.8,160,2000,5
161,200,10,1,134.8,161,2000,5
162,200,10,1,135.0,162,2000,5
163,200,10,1,135.0,163,2000,5
164,200,10,1,135.0,164,2000,5
165,200,10,1,135.0,165,2000,5
166,200,10,1,135.0,166,2000,5
167,200,10,1,135.2,167,2000,5
168,200,10,1,135.4,168,2000,5
169,200,10,1,135.4,169,2000,5
170,200,10,1,135.8,170,2000,5
171,200,10,1,135.8,171,2000,5
172,200,10,1,136.2,172,2000,5
173,200,10,1,136.6,173,2000,5
174,200,10,1,136.8,174,2000,5
175,200,10,1,137.0,175,2000,5
176,200,10,1,137.0,176,2000,5
177,200,10,1,137.0,177,2000,5
178,200,10,1,136.6,178,2000,5
179,200,10,1,137.0,179,2000,5
180,200,10,1,137.4,180,2000,5
181,200,10,1,137.6,181,2000,5
182,200,10,1,137.6,182,2000,5
183,200,10,1,137.6,183,2000,5
184,200,10,1,137.8,184,2000,5
185,200,10,1,138.0,185,2000,5
186,200,10,1,138.2,186,2000,5
187,200,10,1,138.4,187,2000,5
188,200,10,1,138.4,188,2000,5
189,200,10,1,138.4,189,2000,5
190,200,10,1,139.0,190,2000,5
191,200,10,1,139.2,191,2000,5
192,200,10,1,139.8,192,2000,5
193,200,10,1,140.0,193,2000,5
194,200,10,1,140.0,194,2000,5
195,200,10,1,140.0,195,2000,5
196,200,10,1,140.4,196,2000,5
197,200,10,1,140.4,197,2000,5
198,200,10,1,140.8,198,2000,5
199,200,10,1,140.8,199,2000,5
200,200,10,1,139.8,200,2000,5
201,200,10,1,139.8,201,2000,5
202,200,10,1,139.8,202,2000,5
203,200,10,1,140.0,203,2000,5
204,200,10,1,140.4,204,2000,5
205,200,10,1,140.6,205,2000,5
206,200,10,1,140.6,206,2000,5
207,200,10,1,141.0,207,2000,5
208,200,10,1,141.4,208,2000,5
209,200,10,1,141.4,209,2000,5
210,200,10,1,141.4,210,2000,5
211,200,10,1,141.0,211,2000,5
212,200,10,1,141.0,212,2000,5
213,200,10,1,141.2,213,2000,5
214,200,10,1,141.6,214,2000,5
215,200,10,1,141.8,215,2000,5
216,200,10,1,142.0,216,2000,5
217,200,10,1,142.0,217,2000,5
218,200,10,1,142.4,218,2000,5
219,200,10,1,142.6,219,2000,5
220,200,10,1,142.8,220,2000,5
221,200,10,1,142.8,221,2000,5
222,200,10,1,143.0,222,2000,5
223,200,10,1,143.0,223,2000,5
224,200,10,1,143.2,224,2000,5
225,200,10,1,143.2,225,2000,5
226,200,10,1,143.2,226,2000,5
227,200,10,1,143.4,227,2000,5
228,200,10,1,143.6,228,2000,5
229,200,10,1,143.6,229,2000,5
230,200,10,1,143.6,230,2000,5
231,200,10,1,143.8,231,2000,5
232,200,10,1,143.8,232,2000,5
233,200,10,1,143.2,233,2000,5
234,200,10,1,143.6,234,2000,5
235,200,10,1,143.8,235,2000,5
236,200,10,1,143.8,236,2000,5
237,200,10,1,144.0,237,2000,5
238,200,10,1,144.2,238,2000,5
239,200,10,1,144.4,239,2000,5
240,200,10,1,144.8,240,2000,5
241,200,10,1,144.8,241,2000,5
242,200,10,1,144.8,242,2000,5
243,200,10,1,144.8,243,2000,5
244,200,10,1,144.2,244,2000,5
245,200,10,1,144.2,245,2000,5
246,200,10,1,144.8,246,2000,5
247,200,10,1,145.0,247,2000,5
248,200,10,1,145.0,248,2000,5
249,200,10,1,145.0,249,2000,5
250,200,10,1,145.0,250,2000,5
251,200,10,1,145.0,251,2000,5
252,200,10,1,145.0,252,2000,5
253,200,10,1,145.0,253,2000,5
254,200,10,1,145.0,254,2000,5
255,200,10,1,144.2,255,2000,5
256,200,10,1,144.8,256,2000,5
257,200,10,1,144.8,257,2000,5
258,200,10,1,145.0,258,2000,5
259,200,10,1,145.0,259,2000,5
260,200,10,1,145.2,260,2000,5
261,200,10,1,145.2,261,2000,5
262,200,10,1,145.2,262,2000,5
263,200,10,1,145.4,263,2000,5
264,200,10,1,145.4,264,2000,5
265,200,10,1,145.4,265,2000,5
266,200,10,1,145.4,266,2000,5
267,200,10,1,145.4,267,2000,5
268,200,10,1,145.8,268,2000,5
269,200,10,1,146.2,269,2000,5
270,200,10,1,146.4,270,2000,5
271,200,10,1,146.4,271,2000,5
272,200,10,1,146.4,272,2000,5
273,200,10,1,146.4,273,2000,5
274,200,10,1,146.6,274,2000,5
275,200,10,1,147.0,275,2000,5
276,200,10,1,147.0,276,2000,5
277,200,10,1,146.2,277,2000,5
278,200,10,1,146.4,278,2000,5
279,200,10,1,146.4,279,2000,5
280,200,10,1,146.4,280,2000,5
281,200,10,1,146.4,281,2000,5
282,200,10,1,146.4,282,2000,5
283,200,10,1,146.4,283,2000,5
284,200,10,1,146.4,284,2000,5
285,200,10,1,146.4,285,2000,5
286,200,10,1,146.6,286,2000,5
287,200,10,1,146.6,287,2000,5
288,200,10,1,146.4,288,2000,5
289,200,10,1,146.4,289,2000,5
290,200,10,1,146.4,290,2000,5
291,200,10,1,146.4,291,2000,5
292,200,10,1,146.4,292,2000,5
293,200,10,1,146.4,293,2000,5
294,200,10,1,146.4,294,2000,5
295,200,10,1,146.4,295,2000,5
296,200,10,1,146.6,296,2000,5
297,200,10,1,147.0,297,2000,5
298,200,10,1,147.0,298,2000,5
299,200,10,1,146.6,299,2000,5
300,200,10,1,146.6,300,2000,5
301,200,10,1,146.6,301,2000,5
302,200,10,1,146.6,302,2000,5
303,200,10,1,146.8,303,2000,5
304,200,10,1,146.8,304,2000,5
305,200,10,1,147.0,305,2000,5
306,200,10,1,147.4,306,2000,5
307,200,10,1,147.6,307,2000,5
308,200,10,1,147.8,308,2000,5
309,200,10,1,147.8,309,2000,5
310,200,10,1,147.0,310,2000,5
311,200,10,1,147.0,311,2000,5
312,200,10,1,147.0,312,2000,5
313,200,10,1,147.0,313,2000,5
314,200,10,1,147.2,314,2000,5
315,200,10,1,147.4,315,2000,5
316,200,10,1,147.4,316,2000,5
317,200,10,1,147.6,317,2000,5
318,200,10,1,147.6,318,2000,5
319,200,10,1,147.6,319,2000,5
320,200,10,1,147.6,320,2000,5
321,200,10,1,147.6,321,2000,5
322,200,10,1,147.6,322,2000,5
323,200,10,1,147.8,323,2000,5
324,200,10,1,148.0,324,2000,5
325,200,10,1,148.0,325,2000,5
326,200,10,1,148.2,326,2000,5
327,200,10,1,148.2,327,2000,5
328,200,10,1,148.2,328,2000,5
329,200,10,1,148.2,329,2000,5
330,200,10,1,148.6,330,2000,5
331,200,10,1,148.6,331,2000,5
332,200,10,1,148.6,332,2000,5
333,200,10,1,148.6,333,2000,5
334,200,10,1,149.2,334,2000,5
335,200,10,1,149.2,335,2000,5
336,200,10,1,149.2,336,2000,5
337,200,10,1,149.2,337,2000,5
338,200,10,1,149.4,338,2000,5
339,200,10,1,149.4,339,2000,5
340,200,10,1,149.4,340,2000,5
341,200,10,1,149.4,341,2000,5
342,200,10,1,149.4,342,2000,5
343,200,10,1,148.4,343,2000,5
344,200,10,1,148.4,344,2000,5
345,200,10,1,148.4,345,2000,5
346,200,10,1,148.4,346,2000,5
347,200,10,1,148.6,347,2000,5
348,200,10,1,148.6,348,2000,5
349,200,10,1,148.8,349,2000,5
350,200,10,1,148.8,350,2000,5
351,200,10,1,148.8,351,2000,5
352,200,10,1,148.8,352,2000,5
353,200,10,1,148.8,353,2000,5
354,200,10,1,148.4,354,2000,5
355,200,10,1,148.8,355,2000,5
356,200,10,1,149.2,356,2000,5
357,200,10,1,149.2,357,2000,5
358,200,10,1,149.2,358,2000,5
359,200,10,1,149.4,359,2000,5
360,200,10,1,149.4,360,2000,5
361,200,10,1,149.6,361,2000,5
362,200,10,1,149.6,362,2000,5
363,200,10,1,150.0,363,2000,5
364,200,10,1,150.0,364,2000,5
365,200,10,1,150.4,365,2000,5
366,200,10,1,150.8,366,2000,5
367,200,10,1,151.0,367,2000,5
368,200,10,1,151.2,368,2000,5
369,200,10,1,151.4,369,2000,5
370,200,10,1,151.4,370,2000,5
371,200,10,1,151.6,371,2000,5
372,200,10,1,151.6,372,2000,5
373,200,10,1,151.6,373,2000,5
374,200,10,1,151.6,374,2000,5
375,200,10,1,151.6,375,2000,5
376,200,10,1,152.0,376,2000,5
377,200,10,1,152.0,377,2000,5
378,200,10,1,152.0,378,2000,5
379,200,10,1,152.6,379,2000,5
380,200,10,1,152.8,380,2000,5
381,200,10,1,153.0,381,2000,5
382,200,10,1,153.0,382,2000,5
383,200,10,1,153.2,383,2000,5
384,200,10,1,153.2,384,2000,5
385,200,10,1,153.2,385,2000,5
386,200,10,1,153.2,386,2000,5
387,200,10,1,152.2,387,2000,5
388,200,10,1,152.2,388,2000,5
389,200,10,1,152.8,389,2000,5
390,200,10,1,152.8,390,2000,5
391,200,10,1,152.8,391,2000,5
392,200,10,1,153.0,392,2000,5
393,200,10,1,153.0,393,2000,5
394,200,10,1,153.0,394,2000,5
395,200,10,1,153.2,395,2000,5
396,200,10,1,153.4,396,2000,5
397,200,10,1,153.4,397,2000,5
398,200,10,1,152.8,398,2000,5
399,200,10,1,152.8,399,2000,5
400,200,10,1,153.0,400,2000,5
401,200,10,1,153.4,401,2000,5
402,200,10,1,153.6,402,2000,5
403,200,10,1,153.8,403,2000,5
404,200,10,1,154.0,404,2000,5
405,200,10,1,154.2,405,2000,5
406,200,10,1,154.2,406,2000,5
407,200,10,1,154.2,407,2000,5
408,200,10,1,154.2,408,2000,5
409,200,10,1,154.0,409,2000,5
410,200,10,1,154.0,410,2000,5
411,200,10,1,154.0,411,2000,5
412,200,10,1,154.2,412,2000,5
413,200,10,1,154.2,413,2000,5
414,200,10,1,154.2,414,2000,5
415,200,10,1,154.2,415,2000,5
416,200,10,1,154.2,416,2000,5
417,200,10,1,154.4,417,2000,5
418,200,10,1,154.4,418,2000,5
419,200,10,1,154.4,419,2000,5
420,200,10,1,154.2,420,2000,5
421,200,10,1,154.2,421,2000,5
422,200,10,1,154.2,422,2000,5
423,200,10,1,154.8,423,2000,5
424,200,10,1,155.0,424,2000,5
425,200,10,1,155.0,425,2000,5
426,200,10,1,155.2,426,2000,5
427,200,10,1,155.2,427,2000,5
428,200,10,1,155.4,428,2000,5
429,200,10,1,155.4,429,2000,5
430,200,10,1,155.4,430,2000,5
431,200,10,1,154.8,431,2000,5
432,200,10,1,155.0,432,2000,5
433,200,10,1,155.0,433,2000,5
434,200,10,1,155.2,434,2000,5
435,200,10,1,155.2,435,2000,5
436,200,10,1,155.2,436,2000,5
437,200,10,1,155.6,437,2000,5
438,200,10,1,155.6,438,2000,5
439,200,10,1,155.8,439,2000,5
440,200,10,1,155.8,440,2000,5
441,200,10,1,155.8,441,2000,5
442,200,10,1,155.2,442,2000,5
443,200,10,1,155.2,443,2000,5
444,200,10,1,155.2,444,2000,5
445,200,10,1,155.2,445,2000,5
446,200,10,1,155.4,446,2000,5
447,200,10,1,155.8,447,2000,5
448,200,10,1,156.0,448,2000,5
449,200,10,1,156.0,449,2000,5
450,200,10,1,156.0,450,2000,5
451,200,10,1,156.2,451,2000,5
452,200,10,1,156.2,452,2000,5
453,200,10,1,155.6,453,2000,5
454,200,10,1,155.6,454,2000,5
455,200,10,1,155.6,455,2000,5
456,200,10,1,155.6,456,2000,5
457,200,10,1,155.6,457,2000,5
458,200,10,1,156.0,458,2000,5
459,200,10,1,156.0,459,2000,5
460,200,10,1,156.0,460,2000,5
461,200,10,1,156.8,461,2000,5
462,200,10,1,156.8,462,2000,5
463,200,10,1,156.8,463,2000,5
464,200,10,1,157.0,464,2000,5
465,200,10,1,157.4,465,2000,5
466,200,10,1,157.4,466,2000,5
467,200,10,1,157.6,467,2000,5
468,200,10,1,157.6,468,2000,5
469,200,10,1,157.8,469,2000,5
470,200,10,1,157.8,470,2000,5
471,200,10,1,157.8,471,2000,5
472,200,10,1,157.8,472,2000,5
473,200,10,1,157.8,473,2000,5
474,200,10,1,157.8,474,2000,5
475,200,10,1,158.0,475,2000,5
476,200,10,1,158.2,476,2000,5
477,200,10,1,158.2,477,2000,5
478,200,10,1,158.2,478,2000,5
479,200,10,1,158.2,479,2000,5
480,200,10,1,158.4,480,2000,5
481,200,10,1,158.4,481,2000,5
482,200,10,1,158.4,482,2000,5
483,200,10,1,158.4,483,2000,5
484,200,10,1,158.4,484,2000,5
485,200,10,1,158.4,485,2000,5
486,200,10,1,157.8,486,2000,5
487,200,10,1,158.0,487,2000,5
488,200,10,1,158.0,488,2000,5
489,200,10,1,158.2,489,2000,5
490,200,10,1,158.2,490,2000,5
491,200,10,1,158.2,491,2000,5
492,200,10,1,158.2,492,2000,5
493,200,10,1,158.4,493,2000,5
494,200,10,1,158.6,494,2000,5
495,200,10,1,158.8,495,2000,5
496,200,10,1,158.8,496,2000,5
497,200,10,1,158.2,497,2000,5
498,200,10,1,158.2,498,2000,5
499,200,10,1,158.2,499,2000,5
500,200,10,1,158.4,500,2000,5
501,200,10,1,158.4,501,2000,5
502,200,10,1,158.6,502,2000,5
503,200,10,1,158.6,503,2000,5
504,200,10,1,158.8,504,2000,5
505,200,10,1,158.8,505,2000,5
506,200,10,1,159.0,506,2000,5
507,200,10,1,159.0,507,2000,5
508,200,10,1,158.8,508,2000,5
509,200,10,1,159.0,509,2000,5
510,200,10,1,159.2,510,2000,5
511,200,10,1,159.8,511,2000,5
512,200,10,1,160.0,512,2000,5
513,200,10,1,160.0,513,2000,5
514,200,10,1,160.0,514,2000,5
515,200,10,1,160.4,515,2000,5
516,200,10,1,160.4,516,2000,5
517,200,10,1,160.4,517,2000,5
518,200,10,1,160.4,518,2000,5
519,200,10,1,160.4,519,2000,5
520,200,10,1,160.6,520,2000,5
521,200,10,1,160.8,521,2000,5
522,200,10,1,160.8,522,2000,5
523,200,10,1,160.8,523,2000,5
524,200,10,1,160.8,524,2000,5
525,200,10,1,161.0,525,2000,5
526,200,10,1,161.0,526,2000,5
527,200,10,1,161.4,527,2000,5
528,200,10,1,161.4,528,2000,5
529,200,10,1,161.4,529,2000,5
530,200,10,1,161.4,530,2000,5
531,200,10,1,161.4,531,2000,5
532,200,10,1,161.6,532,2000,5
533,200,10,1,161.6,533,2000,5
534,200,10,1,161.6,534,2000,5
535,200,10,1,161.8,535,2000,5
536,200,10,1,161.8,536,2000,5
537,200,10,1,161.8,537,2000,5
538,200,10,1,161.8,538,2000,5
539,200,10,1,162.2,539,2000,5
540,200,10,1,162.2,540,2000,5
541,200,10,1,161.4,541,2000,5
542,200,10,1,161.8,542,2000,5
543,200,10,1,162.6,543,2000,5
544,200,10,1,162.6,544,2000,5
545,200,10,1,163.0,545,2000,5
546,200,10,1,163.0,546,2000,5
547,200,10,1,163.0,547,2000,5
548,200,10,1,163.2,548,2000,5
549,200,10,1,163.2,549,2000,5
550,200,10,1,163.2,550,2000,5
551,200,10,1,163.2,551,2000,5
552,200,10,1,162.2,552,2000,5
553,200,10,1,162.2,553,2000,5
554,200,10,1,162.2,554,2000,5
555,200,10,1,162.8,555,2000,5
556,200,10,1,163.0,556,2000,5
557,200,10,1,163.0,557,2000,5
558,200,10,1,163.4,558,2000,5
559,200,10,1,163.4,559,2000,5
560,200,10,1,163.6,560,2000,5
561,200,10,1,163.6,561,2000,5
562,200,10,1,163.6,562,2000,5
563,200,10,1,162.8,563,2000,5
564,200,10,1,162.8,564,2000,5
565,200,10,1,162.8,565,2000,5
566,200,10,1,162.8,566,2000,5
567,200,10,1,162.8,567,2000,5
568,200,10,1,162.8,568,2000,5
569,200,10,1,162.8,569,2000,5
570,200,10,1,162.8,570,2000,5
571,200,10,1,162.8,571,2000,5
572,200,10,1,162.8,572,2000,5
573,200,10,1,162.8,573,2000,5
574,200,10,1,163.0,574,2000,5
575,200,10,1,163.0,575,2000,5
576,200,10,1,163.0,576,2000,5
577,200,10,1,163.0,577,2000,5
578,200,10,1,163.2,578,2000,5
579,200,10,1,163.2,579,2000,5
580,200,10,1,163.4,580,2000,5
581,200,10,1,163.4,581,2000,5
582,200,10,1,163.4,582,2000,5
583,200,10,1,163.6,583,2000,5
584,200,10,1,163.6,584,2000,5
585,200,10,1,163.0,585,2000,5
586,200,10,1,163.0,586,2000,5
587,200,10,1,163.0,587,2000,5
588,200,10,1,163.4,588,2000,5
589,200,10,1,163.4,589,2000,5
590,200,10,1,163.4,590,2000,5
591,200,10,1,163.4,591,2000,5
592,200,10,1,163.4,592,2000,5
593,200,10,1,163.4,593,2000,5
594,200,10,1,163.6,594,2000,5
595,200,10,1,163.6,595,2000,5
596,200,10,1,163.2,596,2000,5
597,200,10,1,163.6,597,2000,5
598,200,10,1,163.6,598,2000,5
599,200,10,1,163.6,599,2000,5
600,200,10,1,163.8,600,2000,5
601,200,10,1,163.8,601,2000,5
602,200,10,1,164.0,602,2000,5
603,200,10,1,164.0,603,2000,5
604,200,10,1,164.0,604,2000,5
605,200,10,1,164.0,605,2000,5
606,200,10,1,164.0,606,2000,5
607,200,10,1,163.0,607,2000,5
608,200,10,1,163.0,608,2000,5
609,200,10,1,163.6,609,2000,5
610,200,10,1,163.6,610,2000,5
611,200,10,1,163.6,611,2000,5
612,200,10,1,163.6,612,2000,5
613,200,10,1,163.8,613,2000,5
614,200,10,1,163.8,614,2000,5
615,200,10,1,163.8,615,2000,5
616,200,10,1,163.8,616,2000,5
617,200,10,1,163.8,617,2000,5
618,200,10,1,164.2,618,2000,5
619,200,10,1,164.2,619,2000,5
620,200,10,1,164.4,620,2000,5
621,200,10,1,164.4,621,2000,5
622,200,10,1,164.4,622,2000,5
623,200,10,1,164.8,623,2000,5
624,200,10,1,165.0,624,2000,5
625,200,10,1,165.0,625,2000,5
626,200,10,1,165.0,626,2000,5
627,200,10,1,165.0,627,2000,5
628,200,10,1,165.0,628,2000,5
629,200,10,1,164.2,629,2000,5
630,200,10,1,164.2,630,2000,5
631,200,10,1,164.2,631,2000,5
632,200,10,1,164.6,632,2000,5
633,200,10,1,164.6,633,2000,5
634,200,10,1,164.8,634,2000,5
635,200,10,1,165.2,635,2000,5
636,200,10,1,165.2,636,2000,5
637,200,10,1,165.2,637,2000,5
638,200,10,1,165.2,638,2000,5
639,200,10,1,165.2,639,2000,5
640,200,10,1,164.6,640,2000,5
641,200,10,1,164.6,641,2000,5
642,200,10,1,164.6,642,2000,5
643,200,10,1,164.6,643,2000,5
644,200,10,1,164.6,644,2000,5
645,200,10,1,164.8,645,2000,5
646,200,10,1,164.8,646,2000,5
647,200,10,1,164.8,647,2000,5
648,200,10,1,164.8,648,2000,5
649,200,10,1,164.8,649,2000,5
650,200,10,1,164.8,650,2000,5
651,200,10,1,164.2,651,2000,5
652,200,10,1,164.2,652,2000,5
653,200,10,1,164.4,653,2000,5
654,200,10,1,164.4,654,2000,5
655,200,10,1,164.4,655,2000,5
656,200,10,1,164.6,656,2000,5
657,200,10,1,164.6,657,2000,5
658,200,10,1,164.8,658,2000,5
659,200,10,1,165.2,659,2000,5
660,200,10,1,165.2,660,2000,5
661,200,10,1,165.2,661,2000,5
662,200,10,1,165.6,662,2000,5
663,200,10,1,165.6,663,2000,5
664,200,10,1,165.6,664,2000,5
665,200,10,1,165.6,665,2000,5
666,200,10,1,165.6,666,2000,5
667,200,10,1,165.8,667,2000,5
668,200,10,1,165.8,668,2000,5
669,200,10,1,165.8,669,2000,5
670,200,10,1,165.8,670,2000,5
671,200,10,1,166.0,671,2000,5
672,200,10,1,166.0,672,2000,5
673,200,10,1,165.0,673,2000,5
674,200,10,1,165.0,674,2000,5
675,200,10,1,165.0,675,2000,5
676,200,10,1,165.4,676,2000,5
677,200,10,1,165.4,677,2000,5
678,200,10,1,165.4,678,2000,5
679,200,10,1,165.4,679,2000,5
680,200,10,1,165.6,680,2000,5
681,200,10,1,165.6,681,2000,5
682,200,10,1,165.6,682,2000,5
683,200,10,1,165.6,683,2000,5
684,200,10,1,164.6,684,2000,5
685,200,10,1,164.6,685,2000,5
686,200,10,1,164.8,686,2000,5
687,200,10,1,165.0,687,2000,5
688,200,10,1,165.2,688,2000,5
689,200,10,1,165.2,689,2000,5
690,200,10,1,165.2,690,2000,5
691,200,10,1,165.4,691,2000,5
692,200,10,1,165.4,692,2000,5
693,200,10,1,165.4,693,2000,5
694,200,10,1,165.4,694,2000,5
695,200,10,1,165.2,695,2000,5
696,200,10,1,165.2,696,2000,5
697,200,10,1,165.2,697,2000,5
698,200,10,1,165.2,698,2000,5
699,200,10,1,165.2,699,2000,5
700,200,10,1,165.2,700,2000,5
701,200,10,1,165.2,701,2000,5
702,200,10,1,165.2,702,2000,5
703,200,10,1,165.2,703,2000,5
704,200,10,1,165.2,704,2000,5
705,200,10,1,165.2,705,2000,5
706,200,10,1,165.4,706,2000,5
707,200,10,1,165.4,707,2000,5
708,200,10,1,165.8,708,2000,5
709,200,10,1,165.8,709,2000,5
710,200,10,1,166.0,710,2000,5
711,200,10,1,166.0,711,2000,5
712,200,10,1,166.4,712,2000,5
713,200,10,1,166.4,713,2000,5
714,200,10,1,166.4,714,2000,5
715,200,10,1,166.4,715,2000,5
716,200,10,1,166.4,716,2000,5
717,200,10,1,166.0,717,2000,5
718,200,10,1,166.0,718,2000,5
719,200,10,1,166.0,719,2000,5
720,200,10,1,166.0,720,2000,5
721,200,10,1,166.2,721,2000,5
722,200,10,1,166.2,722,2000,5
723,200,10,1,166.2,723,2000,5
724,200,10,1,166.2,724,2000,5
725,200,10,1,166.4,725,2000,5
726,200,10,1,166.4,726,2000,5
727,200,10,1,166.4,727,2000,5
728,200,10,1,165.6,728,2000,5
729,200,10,1,165.8,729,2000,5
730,200,10,1,165.8,730,2000,5
731,200,10,1,166.4,731,2000,5
732,200,10,1,166.4,732,2000,5
733,200,10,1,166.6,733,2000,5
734,200,10,1,166.6,734,2000,5
735,200,10,1,166.8,735,2000,5
736,200,10,1,166.8,736,2000,5
737,200,10,1,167.0,737,2000,5
738,200,10,1,167.0,738,2000,5
739,200,10,1,166.6,739,2000,5
740,200,10,1,166.6,740,2000,5
741,200,10,1,166.6,741,2000,5
742,200,10,1,166.8,742,2000,5
743,200,10,1,166.8,743,2000,5
744,200,10,1,166.8,744,2000,5
745,200,10,1,166.8,745,2000,5
746,200,10,1,166.8,746,2000,5
747,200,10,1,167.0,747,2000,5
748,200,10,1,167.0,748,2000,5
749,200,10,1,167.0,749,2000,5
750,200,10,1,166.4,750,2000,5
751,200,10,1,166.4,751,2000,5
752,200,10,1,166.4,752,2000,5
753,200,10,1,166.8,753,2000,5
754,200,10,1,166.8,754,2000,5
755,200,10,1,166.8,755,2000,5
756,200,10,1,167.0,756,2000,5
757,200,10,1,167.2,757,2000,5
758,200,10,1,167.2,758,2000,5
759,200,10,1,167.2,759,2000,5
760,200,10,1,167.2,760,2000,5
761,200,10,1,167.4,761,2000,5
762,200,10,1,167.6,762,2000,5
763,200,10,1,167.6,763,2000,5
764,200,10,1,167.6,764,2000,5
765,200,10,1,167.8,765,2000,5
766,200,10,1,167.8,766,2000,5
767,200,10,1,167.8,767,2000,5
768,200,10,1,167.8,768,2000,5
769,200,10,1,167.8,769,2000,5
770,200,10,1,168.0,770,2000,5
771,200,10,1,168.0,771,2000,5
772,200,10,1,167.4,772,2000,5
773,200,10,1,167.4,773,2000,5
774,200,10,1,167.6,774,2000,5
775,200,10,1,167.8,775,2000,5
776,200,10,1,167.8,776,2000,5
777,200,10,1,167.8,777,2000,5
778,200,10,1,167.8,778,2000,5
779,200,10,1,167.8,779,2000,5
780,200,10,1,167.8,780,2000,5
781,200,10,1,167.8,781,2000,5
782,200,10,1,167.8,782,2000,5
783,200,10,1,166.8,783,2000,5
784,200,10,1,166.8,784,2000,5
785,200,10,1,167.0,785,2000,5
786,200,10,1,167.2,786,2000,5
787,200,10,1,167.2,787,2000,5
788,200,10,1,167.2,788,2000,5
789,200,10,1,167.2,789,2000,5
790,200,10,1,167.4,790,2000,5
791,200,10,1,167.4,791,2000,5
792,200,10,1,167.4,792,2000,5
793,200,10,1,167.4,793,2000,5
794,200,10,1,166.4,794,2000,5
795,200,10,1,166.4,795,2000,5
796,200,10,1,166.4,796,2000,5
797,200,10,1,166.4,797,2000,5
798,200,10,1,166.4,798,2000,5
799,200,10,1,166.6,799,2000,5
800,200,10,1,166.8,800,2000,5
801,200,10,1,167.0,801,2000,5
802,200,10,1,167.0,802,2000,5
803,200,10,1,167.0,803,2000,5
804,200,10,1,167.0,804,2000,5
805,200,10,1,166.4,805,2000,5
806,200,10,1,166.4,806,2000,5
807,200,10,1,166.4,807,2000,5
808,200,10,1,166.4,808,2000,5
809,200,10,1,166.4,809,2000,5
810,200,10,1,166.4,810,2000,5
811,200,10,1,166.4,811,2000,5
812,200,10,1,166.4,812,2000,5
813,200,10,1,166.6,813,2000,5
814,200,10,1,166.6,814,2000,5
815,200,10,1,166.6,815,2000,5
816,200,10,1,165.6,816,2000,5
817,200,10,1,165.8,817,2000,5
818,200,10,1,166.0,818,2000,5
819,200,10,1,166.2,819,2000,5
820,200,10,1,166.4,820,2000,5
821,200,10,1,166.4,821,2000,5
822,200,10,1,166.4,822,2000,5
823,200,10,1,166.4,823,2000,5
824,200,10,1,166.4,824,2000,5
825,200,10,1,166.4,825,2000,5
826,200,10,1,166.4,826,2000,5
827,200,10,1,166.2,827,2000,5
828,200,10,1,166.2,828,2000,5
829,200,10,1,166.2,829,2000,5
830,200,10,1,166.2,830,2000,5
831,200,10,1,166.2,831,2000,5
832,200,10,1,166.2,832,2000,5
833,200,10,1,166.4,833,2000,5
834,200,10,1,166.4,834,2000,5
835,200,10,1,166.6,835,2000,5
836,200,10,1,166.6,836,2000,5
837,200,10,1,166.6,837,2000,5
838,200,10,1,166.2,838,2000,5
839,200,10,1,166.2,839,2000,5
840,200,10,1,166.2,840,2000,5
841,200,10,1,166.2,841,2000,5
842,200,10,1,166.2,842,2000,5
843,200,10,1,166.2,843,2000,5
844,200,10,1,166.2,844,2000,5
845,200,10,1,166.2,845,2000,5
846,200,10,1,166.2,846,2000,5
847,200,10,1,166.2,847,2000,5
848,200,10,1,166.2,848,2000,5
849,200,10,1,166.8,849,2000,5
850,200,10,1,166.8,850,2000,5
851,200,10,1,166.8,851,2000,5
852,200,10,1,166.8,852,2000,5
853,200,10,1,167.2,853,2000,5
854,200,10,1,167.4,854,2000,5
855,200,10,1,167.4,855,2000,5
856,200,10,1,168.0,856,2000,5
857,200,10,1,168.6,857,2000,5
858,200,10,1,169.2,858,2000,5
859,200,10,1,169.2,859,2000,5
860,200,10,1,169.2,860,2000,5
861,200,10,1,169.2,861,2000,5
862,200,10,1,169.4,862,2000,5
863,200,10,1,169.4,863,2000,5
864,200,10,1,169.4,864,2000,5
865,200,10,1,169.4,865,2000,5
866,200,10,1,169.4,866,2000,5
867,200,10,1,169.4,867,2000,5
868,200,10,1,169.4,868,2000,5
869,200,10,1,169.4,869,2000,5
870,200,10,1,169.4,870,2000,5
871,200,10,1,168.4,871,2000,5
872,200,10,1,168.4,872,2000,5
873,200,10,1,168.4,873,2000,5
874,200,10,1,168.8,874,2000,5
875,200,10,1,168.8,875,2000,5
876,200,10,1,168.8,876,2000,5
877,200,10,1,168.8,877,2000,5
878,200,10,1,168.8,878,2000,5
879,200,10,1,168.8,879,2000,5
880,200,10,1,169.0,880,2000,5
881,200,10,1,169.0,881,2000,5
882,200,10,1,168.8,882,2000,5
883,200,10,1,169.0,883,2000,5
884,200,10,1,169.2,884,2000,5
885,200,10,1,169.2,885,2000,5
886,200,10,1,169.2,886,2000,5
887,200,10,1,169.2,887,2000,5
888,200,10,1,169.4,888,2000,5
889,200,10,1,169.6,889,2000,5
890,200,10,1,169.6,890,2000,5
891,200,10,1,169.6,891,2000,5
892,200,10,1,169.6,892,2000,5
893,200,10,1,168.6,893,2000,5
894,200,10,1,168.6,894,2000,5
895,200,10,1,168.8,895,2000,5
896,200,10,1,168.8,896,2000,5
897,200,10,1,168.8,897,2000,5
898,200,10,1,168.8,898,2000,5
899,200,10,1,168.8,899,2000,5
900,200,10,1,168.8,900,2000,5
901,200,10,1,169.0,901,2000,5
902,200,10,1,169.4,902,2000,5
903,200,10,1,169.4,903,2000,5
904,200,10,1,168.4,904,2000,5
905,200,10,1,168.4,905,2000,5
906,200,10,1,168.8,906,2000,5
907,200,10,1,168.8,907,2000,5
908,200,10,1,168.8,908,2000,5
909,200,10,1,169.0,909,2000,5
910,200,10,1,169.0,910,2000,5
911,200,10,1,169.0,911,2000,5
912,200,10,1,169.0,912,2000,5
913,200,10,1,169.2,913,2000,5
914,200,10,1,169.2,914,2000,5
915,200,10,1,168.6,915,2000,5
916,200,10,1,168.6,916,2000,5
917,200,10,1,168.6,917,2000,5
918,200,10,1,168.6,918,2000,5
919,200,10,1,168.8,919,2000,5
920,200,10,1,169.0,920,2000,5
921,200,10,1,169.0,921,2000,5
922,200,10,1,169.0,922,2000,5
923,200,10,1,169.0,923,2000,5
924,200,10,1,169.0,924,2000,5
925,200,10,1,169.0,925,2000,5
926,200,10,1,168.4,926,2000,5
927,200,10,1,168.4,927,2000,5
928,200,10,1,168.4,928,2000,5
929,200,10,1,168.8,929,2000,5
930,200,10,1,168.8,930,2000,5
931,200,10,1,168.8,931,2000,5
932,200,10,1,168.8,932,2000,5
933,200,10,1,168.8,933,2000,5
934,200,10,1,169.0,934,2000,5
935,200,10,1,169.0,935,2000,5
936,200,10,1,169.0,936,2000,5
937,200,10,1,169.0,937,2000,5
938,200,10,1,169.2,938,2000,5
939,200,10,1,169.2,939,2000,5
940,200,10,1,169.2,940,2000,5
941,200,10,1,169.2,941,2000,5
942,200,10,1,169.2,942,2000,5
943,200,10,1,169.2,943,2000,5
944,200,10,1,169.2,944,2000,5
945,200,10,1,169.2,945,2000,5
946,200,10,1,169.2,946,2000,5
947,200,10,1,169.2,947,2000,5
948,200,10,1,168.4,948,2000,5
949,200,10,1,168.4,949,2000,5
950,200,10,1,168.4,950,2000,5
951,200,10,1,168.4,951,2000,5
952,200,10,1,168.4,952,2000,5
953,200,10,1,168.4,953,2000,5
954,200,10,1,168.4,954,2000,5
955,200,10,1,168.4,955,2000,5
956,200,10,1,168.4,956,2000,5
957,200,10,1,168.4,957,2000,5
958,200,10,1,168.4,958,2000,5
959,200,10,1,167.8,959,2000,5
960,200,10,1,167.8,960,2000,5
961,200,10,1,168.0,961,2000,5
962,200,10,1,168.0,962,2000,5
963,200,10,1,168.6,963,2000,5
964,200,10,1,168.6,964,2000,5
965,200,10,1,168.8,965,2000,5
966,200,10,1,168.8,966,2000,5
967,200,10,1,169.0,967,2000,5
968,200,10,1,169.0,968,2000,5
969,200,10,1,169.0,969,2000,5
970,200,10,1,168.0,970,2000,5
971,200,10,1,168.0,971,2000,5
972,200,10,1,168.0,972,2000,5
973,200,10,1,168.2,973,2000,5
974,200,10,1,168.6,974,2000,5
975,200,10,1,168.6,975,2000,5
976,200,10,1,168.8,976,2000,5
977,200,10,1,168.8,977,2000,5
978,200,10,1,168.8,978,2000,5
979,200,10,1,169.0,979,2000,5
980,200,10,1,169.0,980,2000,5
981,200,10,1,168.4,981,2000,5
982,200,10,1,168.4,982,2000,5
983,200,10,1,168.6,983,2000,5
984,200,10,1,168.6,984,2000,5
985,200,10,1,168.8,985,2000,5
986,200,10,1,169.0,986,2000,5
987,200,10,1,169.0,987,2000,5
988,200,10,1,169.0,988,2000,5
989,200,10,1,169.0,989,2000,5
990,200,10,1,169.0,990,2000,5
991,200,10,1,169.0,991,2000,5
992,200,10,1,168.0,992,2000,5
993,200,10,1,168.0,993,2000,5
994,200,10,1,168.2,994,2000,5
995,200,10,1,168.2,995,2000,5
996,200,10,1,168.4,996,2000,5
997,200,10,1,168.6,997,2000,5
998,200,10,1,168.6,998,2000,5
999,200,10,1,168.6,999,2000,5
1000,200,10,1,168.8,1000,2000,5
1001,200,10,1,168.8,1001,2000,5
1002,200,10,1,168.8,1002,2000,5
1003,200,10,1,168.2,1003,2000,5
1004,200,10,1,168.4,1004,2000,5
1005,200,10,1,168.6,1005,2000,5
1006,200,10,1,168.8,1006,2000,5
1007,200,10,1,168.8,1007,2000,5
1008,200,10,1,169.0,1008,2000,5
1009,200,10,1,169.0,1009,2000,5
1010,200,10,1,169.0,1010,2000,5
1011,200,10,1,169.0,1011,2000,5
1012,200,10,1,169.0,1012,2000,5
1013,200,10,1,169.0,1013,2000,5
1014,200,10,1,168.0,1014,2000,5
1015,200,10,1,168.0,1015,2000,5
1016,200,10,1,168.0,1016,2000,5
1017,200,10,1,168.0,1017,2000,5
1018,200,10,1,168.0,1018,2000,5
1019,200,10,1,168.0,1019,2000,5
1020,200,10,1,168.2,1020,2000,5
1021,200,10,1,168.2,1021,2000,5
1022,200,10,1,168.2,1022,2000,5
1023,200,10,1,168.2,1023,2000,5
1024,200,10,1,168.2,1024,2000,5
1025,200,10,1,167.2,1025,2000,5
1026,200,10,1,167.2,1026,2000,5
1027,200,10,1,167.2,1027,2000,5
1028,200,10,1,167.2,1028,2000,5
1029,200,10,1,167.2,1029,2000,5
1030,200,10,1,167.2,1030,2000,5
1031,200,10,1,167.4,1031,2000,5
1032,200,10,1,167.4,1032,2000,5
1033,200,10,1,167.4,1033,2000,5
1034,200,10,1,167.4,1034,2000,5
1035,200,10,1,167.4,1035,2000,5
1036,200,10,1,166.4,1036,2000,5
1037,200,10,1,166.4,1037,2000,5
1038,200,10,1,166.4,1038,2000,5
1039,200,10,1,166.4,1039,2000,5
1040,200,10,1,166.4,1040,2000,5
1041,200,10,1,166.6,1041,2000,5
1042,200,10,1,166.8,1042,2000,5
1043,200,10,1,166.8,1043,2000,5
1044,200,10,1,166.8,1044,2000,5
1045,200,10,1,167.0,1045,2000,5
1046,200,10,1,167.0,1046,2000,5
1047,200,10,1,166.0,1047,2000,5
1048,200,10,1,166.0,1048,2000,5
1049,200,10,1,166.0,1049,2000,5
1050,200,10,1,166.0,1050,2000,5
1051,200,10,1,166.0,1051,2000,5
1052,200,10,1,166.0,1052,2000,5
1053,200,10,1,166.0,1053,2000,5
1054,200,10,1,166.0,1054,2000,5
1055,200,10,1,166.0,1055,2000,5
1056,200,10,1,166.4,1056,2000,5
1057,200,10,1,166.4,1057,2000,5
1058,200,10,1,165.4,1058,2000,5
1059,200,10,1,165.4,1059,2000,5
1060,200,10,1,165.4,1060,2000,5
1061,200,10,1,165.4,1061,2000,5
1062,200,10,1,166.0,1062,2000,5
1063,200,10,1,166.0,1063,2000,5
1064,200,10,1,166.2,1064,2000,5
1065,200,10,1,166.2,1065,2000,5
1066,200,10,1,166.2,1066,2000,5
1067,200,10,1,166.2,1067,2000,5
1068,200,10,1,166.2,1068,2000,5
1069,200,10,1,165.2,1069,2000,5
1070,200,10,1,165.2,1070,2000,5
1071,200,10,1,165.6,1071,2000,5
1072,200,10,1,165.8,1072,2000,5
1073,200,10,1,165.8,1073,2000,5
1074,200,10,1,165.8,1074,2000,5
1075,200,10,1,166.0,1075,2000,5
1076,200,10,1,166.0,1076,2000,5
1077,200,10,1,166.0,1077,2000,5
1078,200,10,1,166.0,1078,2000,5
1079,200,10,1,166.0,1079,2000,5
1080,200,10,1,165.4,1080,2000,5
1081,200,10,1,165.4,1081,2000,5
1082,200,10,1,165.4,1082,2000,5
1083,200,10,1,165.4,1083,2000,5
1084,200,10,1,165.4,1084,2000,5
1085,200,10,1,165.6,1085,2000,5
1086,200,10,1,165.8,1086,2000,5
1087,200,10,1,166.0,1087,2000,5
1088,200,10,1,166.0,1088,2000,5
1089,200,10,1,166.4,1089,2000,5
1090,200,10,1,166.4,1090,2000,5
1091,200,10,1,165.8,1091,2000,5
1092,200,10,1,165.8,1092,2000,5
1093,200,10,1,165.8,1093,2000,5
1094,200,10,1,165.8,1094,2000,5
1095,200,10,1,166.4,1095,2000,5
1096,200,10,1,166.6,1096,2000,5
1097,200,10,1,166.6,1097,2000,5
1098,200,10,1,166.6,1098,2000,5
1099,200,10,1,166.6,1099,2000,5
1100,200,10,1,166.6,1100,2000,5
1101,200,10,1,166.6,1101,2000,5
1102,200,10,1,165.6,1102,2000,5
1103,200,10,1,165.6,1103,2000,5
1104,200,10,1,165.8,1104,2000,5
1105,200,10,1,165.8,1105,2000,5
1106,200,10,1,166.2,1106,2000,5
1107,200,10,1,166.4,1107,2000,5
1108,200,10,1,166.6,1108,2000,5
1109,200,10,1,166.6,1109,2000,5
1110,200,10,1,166.6,1110,2000,5
1111,200,10,1,167.0,1111,2000,5
1112,200,10,1,167.0,1112,2000,5
1113,200,10,1,166.8,1113,2000,5
1114,200,10,1,166.8,1114,2000,5
1115,200,10,1,166.8,1115,2000,5
1116,200,10,1,166.8,1116,2000,5
1117,200,10,1,166.8,1117,2000,5
1118,200,10,1,167.2,1118,2000,5
1119,200,10,1,167.2,1119,2000,5
1120,200,10,1,167.2,1120,2000,5
1121,200,10,1,167.2,1121,2000,5
1122,200,10,1,167.2,1122,2000,5
1123,200,10,1,167.2,1123,2000,5
1124,200,10,1,166.6,1124,2000,5
1125,200,10,1,167.0,1125,2000,5
1126,200,10,1,167.0,1126,2000,5
1127,200,10,1,167.0,1127,2000,5
1128,200,10,1,167.0,1128,2000,5
1129,200,10,1,167.2,1129,2000,5
1130,200,10,1,167.4,1130,2000,5
1131,200,10,1,167.4,1131,2000,5
1132,200,10,1,167.4,1132,2000,5
1133,200,10,1,167.4,1133,2000,5
1134,200,10,1,167.4,1134,2000,5
1135,200,10,1,166.8,1135,2000,5
1136,200,10,1,166.8,1136,2000,5
1137,200,10,1,166.8,1137,2000,5
1138,200,10,1,166.8,1138,2000,5
1139,200,10,1,166.8,1139,2000,5
1140,200,10,1,166.8,1140,2000,5
1141,200,10,1,166.8,1141,2000,5
1142,200,10,1,166.8,1142,2000,5
1143,200,10,1,166.8,1143,2000,5
1144,200,10,1,166.8,1144,2000,5
1145,200,10,1,166.8,1145,2000,5
1146,200,10,1,165.8,1146,2000,5
1147,200,10,1,165.8,1147,2000,5
1148,200,10,1,165.8,1148,2000,5
1149,200,10,1,165.8,1149,2000,5
1150,200,10,1,165.8,1150,2000,5
1151,200,10,1,165.8,1151,2000,5
1152,200,10,1,165.8,1152,2000,5
1153,200,10,1,166.2,1153,2000,5
1154,200,10,1,166.2,1154,2000,5
1155,200,10,1,166.2,1155,2000,5
1156,200,10,1,166.2,1156,2000,5
1157,200,10,1,166.2,1157,2000,5
1158,200,10,1,166.2,1158,2000,5
1159,200,10,1,166.2,1159,2000,5
1160,200,10,1,166.2,1160,2000,5
1161,200,10,1,166.4,1161,2000,5
1162,200,10,1,166.4,1162,2000,5
1163,200,10,1,166.4,1163,2000,5
1164,200,10,1,166.6,1164,2000,5
1165,200,10,1,166.8,1165,2000,5
1166,200,10,1,166.8,1166,2000,5
1167,200,10,1,166.8,1167,2000,5
1168,200,10,1,167.4,1168,2000,5
1169,200,10,1,167.8,1169,2000,5
1170,200,10,1,168.0,1170,2000,5
1171,200,10,1,168.0,1171,2000,5
1172,200,10,1,168.0,1172,2000,5
1173,200,10,1,168.4,1173,2000,5
1174,200,10,1,168.6,1174,2000,5
1175,200,10,1,168.6,1175,2000,5
1176,200,10,1,168.6,1176,2000,5
1177,200,10,1,168.6,1177,2000,5
1178,200,10,1,168.6,1178,2000,5
1179,200,10,1,168.0,1179,2000,5
1180,200,10,1,168.0,1180,2000,5
1181,200,10,1,168.2,1181,2000,5
1182,200,10,1,168.2,1182,2000,5
1183,200,10,1,168.2,1183,2000,5
1184,200,10,1,168.2,1184,2000,5
1185,200,10,1,168.4,1185,2000,5
1186,200,10,1,168.4,1186,2000,5
1187,200,10,1,168.6,1187,2000,5
1188,200,10,1,168.6,1188,2000,5
1189,200,10,1,168.6,1189,2000,5
1190,200,10,1,167.6,1190,2000,5
1191,200,10,1,167.6,1191,2000,5
1192,200,10,1,167.6,1192,2000,5
1193,200,10,1,167.6,1193,2000,5
1194,200,10,1,167.8,1194,2000,5
1195,200,10,1,167.8,1195,2000,5
1196,200,10,1,167.8,1196,2000,5
1197,200,10,1,167.8,1197,2000,5
1198,200,10,1,167.8,1198,2000,5
1199,200,10,1,167.8,1199,2000,5
1200,200,10,1,167.8,1200,2000,5
1201,200,10,1,166.8,1201,2000,5
1202,200,10,1,167.0,1202,2000,5
1203,200,10,1,167.2,1203,2000,5
1204,200,10,1,167.2,1204,2000,5
1205,200,10,1,167.4,1205,2000,5
1206,200,10,1,167.6,1206,2000,5
1207,200,10,1,167.8,1207,2000,5
1208,200,10,1,168.0,1208,2000,5
1209,200,10,1,168.2,1209,2000,5
1210,200,10,1,168.2,1210,2000,5
1211,200,10,1,168.2,1211,2000,5
1212,200,10,1,167.6,1212,2000,5
1213,200,10,1,167.6,1213,2000,5
1214,200,10,1,167.6,1214,2000,5
1215,200,10,1,167.6,1215,2000,5
1216,200,10,1,167.8,1216,2000,5
1217,200,10,1,167.8,1217,2000,5
1218,200,10,1,168.0,1218,2000,5
1219,200,10,1,168.0,1219,2000,5
1220,200,10,1,168.0,1220,2000,5
1221,200,10,1,168.2,1221,2000,5
1222,200,10,1,168.2,1222,2000,5
1223,200,10,1,167.4,1223,2000,5
1224,200,10,1,167.6,1224,2000,5
1225,200,10,1,167.6,1225,2000,5
1226,200,10,1,167.8,1226,2000,5
1227,200,10,1,167.8,1227,2000,5
1228,200,10,1,167.8,1228,2000,5
1229,200,10,1,168.2,1229,2000,5
1230,200,10,1,168.2,1230,2000,5
1231,200,10,1,168.2,1231,2000,5
1232,200,10,1,168.2,1232,2000,5
1233,200,10,1,168.2,1233,2000,5
1234,200,10,1,167.8,1234,2000,5
1235,200,10,1,167.8,1235,2000,5
1236,200,10,1,167.8,1236,2000,5
1237,200,10,1,168.0,1237,2000,5
1238,200,10,1,168.0,1238,2000,5
1239,200,10,1,168.0,1239,2000,5
1240,200,10,1,168.0,1240,2000,5
1241,200,10,1,168.4,1241,2000,5
1242,200,10,1,168.4,1242,2000,5
1243,200,10,1,168.4,1243,2000,5
1244,200,10,1,168.4,1244,2000,5
1245,200,10,1,167.4,1245,2000,5
1246,200,10,1,167.8,1246,2000,5
1247,200,10,1,167.8,1247,2000,5
1248,200,10,1,167.8,1248,2000,5
1249,200,10,1,167.8,1249,2000,5
1250,200,10,1,168.0,1250,2000,5
1251,200,10,1,168.0,1251,2000,5
1252,200,10,1,168.0,1252,2000,5
1253,200,10,1,168.2,1253,2000,5
1254,200,10,1,168.4,1254,2000,5
1255,200,10,1,168.4,1255,2000,5
1256,200,10,1,167.4,1256,2000,5
1257,200,10,1,167.4,1257,2000,5
1258,200,10,1,167.4,1258,2000,5
1259,200,10,1,167.4,1259,2000,5
1260,200,10,1,167.4,1260,2000,5
1261,200,10,1,167.4,1261,2000,5
1262,200,10,1,167.4,1262,2000,5
1263,200,10,1,167.4,1263,2000,5
1264,200,10,1,167.4,1264,2000,5
1265,200,10,1,167.4,1265,2000,5
1266,200,10,1,167.4,1266,2000,5
1267,200,10,1,166.8,1267,2000,5
1268,200,10,1,166.8,1268,2000,5
1269,200,10,1,166.8,1269,2000,5
1270,200,10,1,166.8,1270,2000,5
1271,200,10,1,166.8,1271,2000,5
1272,200,10,1,166.8,1272,2000,5
1273,200,10,1,166.8,1273,2000,5
1274,200,10,1,166.8,1274,2000,5
1275,200,10,1,166.8,1275,2000,5
1276,200,10,1,167.2,1276,2000,5
1277,200,10,1,167.2,1277,2000,5
1278,200,10,1,166.8,1278,2000,5
1279,200,10,1,167.0,1279,2000,5
1280,200,10,1,167.0,1280,2000,5
1281,200,10,1,167.0,1281,2000,5
1282,200,10,1,167.0,1282,2000,5
1283,200,10,1,167.4,1283,2000,5
1284,200,10,1,167.4,1284,2000,5
1285,200,10,1,167.4,1285,2000,5
1286,200,10,1,167.6,1286,2000,5
1287,200,10,1,167.6,1287,2000,5
1288,200,10,1,167.6,1288,2000,5
1289,200,10,1,167.0,1289,2000,5
1290,200,10,1,167.2,1290,2000,5
1291,200,10,1,167.4,1291,2000,5
1292,200,10,1,167.4,1292,2000,5
1293,200,10,1,167.4,1293,2000,5
1294,200,10,1,167.4,1294,2000,5
1295,200,10,1,167.8,1295,2000,5
1296,200,10,1,168.0,1296,2000,5
1297,200,10,1,168.0,1297,2000,5
1298,200,10,1,168.0,1298,2000,5
1299,200,10,1,168.0,1299,2000,5
1300,200,10,1,167.4,1300,2000,5
1301,200,10,1,167.4,1301,2000,5
1302,200,10,1,167.6,1302,2000,5
1303,200,10,1,167.6,1303,2000,5
1304,200,10,1,167.6,1304,2000,5
1305,200,10,1,167.8,1305,2000,5
1306,200,10,1,167.8,1306,2000,5
1307,200,10,1,168.0,1307,2000,5
1308,200,10,1,168.0,1308,2000,5
1309,200,10,1,168.0,1309,2000,5
1310,200,10,1,168.0,1310,2000,5
1311,200,10,1,167.0,1311,2000,5
1312,200,10,1,167.0,1312,2000,5
1313,200,10,1,167.0,1313,2000,5
1314,200,10,1,167.0,1314,2000,5
1315,200,10,1,167.2,1315,2000,5
1316,200,10,1,167.4,1316,2000,5
1317,200,10,1,167.4,1317,2000,5
1318,200,10,1,167.6,1318,2000,5
1319,200,10,1,167.6,1319,2000,5
1320,200,10,1,167.8,1320,2000,5
1321,200,10,1,167.8,1321,2000,5
1322,200,10,1,167.6,1322,2000,5
1323,200,10,1,167.6,1323,2000,5
1324,200,10,1,167.6,1324,2000,5
1325,200,10,1,167.6,1325,2000,5
1326,200,10,1,167.8,1326,2000,5
1327,200,10,1,167.8,1327,2000,5
1328,200,10,1,167.8,1328,2000,5
1329,200,10,1,167.8,1329,2000,5
1330,200,10,1,167.8,1330,2000,5
1331,200,10,1,168.2,1331,2000,5
1332,200,10,1,168.2,1332,2000,5
1333,200,10,1,168.0,1333,2000,5
1334,200,10,1,168.2,1334,2000,5
1335,200,10,1,168.2,1335,2000,5
1336,200,10,1,168.2,1336,2000,5
1337,200,10,1,168.2,1337,2000,5
1338,200,10,1,168.4,1338,2000,5
1339,200,10,1,168.4,1339,2000,5
1340,200,10,1,168.6,1340,2000,5
1341,200,10,1,168.6,1341,2000,5
1342,200,10,1,168.6,1342,2000,5
1343,200,10,1,168.6,1343,2000,5
1344,200,10,1,168.0,1344,2000,5
1345,200,10,1,168.0,1345,2000,5
1346,200,10,1,168.0,1346,2000,5
1347,200,10,1,168.0,1347,2000,5
1348,200,10,1,168.2,1348,2000,5
1349,200,10,1,168.4,1349,2000,5
1350,200,10,1,168.6,1350,2000,5
1351,200,10,1,168.6,1351,2000,5
1352,200,10,1,168.6,1352,2000,5
1353,200,10,1,168.8,1353,2000,5
1354,200,10,1,168.8,1354,2000,5
1355,200,10,1,168.6,1355,2000,5
1356,200,10,1,168.6,1356,2000,5
1357,200,10,1,168.6,1357,2000,5
1358,200,10,1,168.6,1358,2000,5
1359,200,10,1,168.8,1359,2000,5
1360,200,10,1,168.8,1360,2000,5
1361,200,10,1,169.0,1361,2000,5
1362,200,10,1,169.0,1362,2000,5
1363,200,10,1,169.4,1363,2000,5
1364,200,10,1,169.4,1364,2000,5
1365,200,10,1,169.4,1365,2000,5
1366,200,10,1,169.2,1366,2000,5
1367,200,10,1,169.6,1367,2000,5
1368,200,10,1,170.0,1368,2000,5
1369,200,10,1,170.4,1369,2000,5
1370,200,10,1,170.4,1370,2000,5
1371,200,10,1,170.4,1371,2000,5
1372,200,10,1,170.4,1372,2000,5
1373,200,10,1,170.6,1373,2000,5
1374,200,10,1,170.6,1374,2000,5
1375,200,10,1,170.6,1375,2000,5
1376,200,10,1,170.6,1376,2000,5
1377,200,10,1,170.2,1377,2000,5
1378,200,10,1,170.2,1378,2000,5
1379,200,10,1,170.4,1379,2000,5
1380,200,10,1,170.4,1380,2000,5
1381,200,10,1,170.6,1381,2000,5
1382,200,10,1,170.6,1382,2000,5
1383,200,10,1,170.8,1383,2000,5
1384,200,10,1,170.8,1384,2000,5
1385,200,10,1,170.8,1385,2000,5
1386,200,10,1,171.0,1386,2000,5
1387,200,10,1,171.0,1387,2000,5
1388,200,10,1,170.2,1388,2000,5
1389,200,10,1,170.4,1389,2000,5
1390,200,10,1,170.6,1390,2000,5
1391,200,10,1,170.8,1391,2000,5
1392,200,10,1,170.8,1392,2000,5
1393,200,10,1,170.8,1393,2000,5
1394,200,10,1,170.8,1394,2000,5
1395,200,10,1,170.8,1395,2000,5
1396,200,10,1,170.8,1396,2000,5
1397,200,10,1,170.8,1397,2000,5
1398,200,10,1,170.8,1398,2000,5
1399,200,10,1,170.6,1399,2000,5
1400,200,10,1,170.8,1400,2000,5
1401,200,10,1,170.8,1401,2000,5
1402,200,10,1,170.8,1402,2000,5
1403,200,10,1,170.8,1403,2000,5
1404,200,10,1,171.0,1404,2000,5
1405,200,10,1,171.0,1405,2000,5
1406,200,10,1,171.0,1406,2000,5
1407,200,10,1,171.0,1407,2000,5
1408,200,10,1,171.0,1408,2000,5
1409,200,10,1,171.0,1409,2000,5
1410,200,10,1,171.0,1410,2000,5
1411,200,10,1,171.0,1411,2000,5
1412,200,10,1,171.0,1412,2000,5
1413,200,10,1,171.2,1413,2000,5
1414,200,10,1,171.2,1414,2000,5
1415,200,10,1,171.4,1415,2000,5
1416,200,10,1,171.6,1416,2000,5
1417,200,10,1,171.6,1417,2000,5
1418,200,10,1,171.8,1418,2000,5
1419,200,10,1,172.0,1419,2000,5
1420,200,10,1,172.0,1420,2000,5
1421,200,10,1,171.0,1421,2000,5
1422,200,10,1,171.0,1422,2000,5
1423,200,10,1,171.2,1423,2000,5
1424,200,10,1,171.2,1424,2000,5
1425,200,10,1,171.4,1425,2000,5
1426,200,10,1,171.4,1426,2000,5
1427,200,10,1,171.4,1427,2000,5
1428,200,10,1,171.4,1428,2000,5
1429,200,10,1,171.4,1429,2000,5
1430,200,10,1,171.4,1430,2000,5
1431,200,10,1,171.4,1431,2000,5
1432,200,10,1,170.8,1432,2000,5
1433,200,10,1,171.0,1433,2000,5
1434,200,10,1,171.0,1434,2000,5
1435,200,10,1,171.0,1435,2000,5
1436,200,10,1,171.0,1436,2000,5
1437,200,10,1,171.0,1437,2000,5
1438,200,10,1,171.2,1438,2000,5
1439,200,10,1,171.4,1439,2000,5
1440,200,10,1,171.6,1440,2000,5
1441,200,10,1,171.6,1441,2000,5
1442,200,10,1,171.6,1442,2000,5
1443,200,10,1,170.6,1443,2000,5
1444,200,10,1,170.6,1444,2000,5
1445,200,10,1,170.6,1445,2000,5
1446,200,10,1,170.8,1446,2000,5
1447,200,10,1,170.8,1447,2000,5
1448,200,10,1,170.8,1448,2000,5
1449,200,10,1,170.8,1449,2000,5
1450,200,10,1,170.8,1450,2000,5
1451,200,10,1,170.8,1451,2000,5
1452,200,10,1,170.8,1452,2000,5
1453,200,10,1,170.8,1453,2000,5
1454,200,10,1,169.8,1454,2000,5
1455,200,10,1,170.2,1455,2000,5
1456,200,10,1,170.4,1456,2000,5
1457,200,10,1,170.4,1457,2000,5
1458,200,10,1,170.4,1458,2000,5
1459,200,10,1,170.4,1459,2000,5
1460,200,10,1,170.8,1460,2000,5
1461,200,10,1,170.8,1461,2000,5
1462,200,10,1,170.8,1462,2000,5
1463,200,10,1,171.0,1463,2000,5
1464,200,10,1,171.0,1464,2000,5
1465,200,10,1,170.0,1465,2000,5
1466,200,10,1,170.0,1466,2000,5
1467,200,10,1,170.0,1467,2000,5
1468,200,10,1,170.0,1468,2000,5
1469,200,10,1,170.0,1469,2000,5
1470,200,10,1,170.2,1470,2000,5
1471,200,10,1,170.2,1471,2000,5
1472,200,10,1,170.2,1472,2000,5
1473,200,10,1,170.4,1473,2000,5
1474,200,10,1,170.4,1474,2000,5
1475,200,10,1,170.4,1475,2000,5
1476,200,10,1,170.2,1476,2000,5
1477,200,10,1,170.2,1477,2000,5
1478,200,10,1,170.4,1478,2000,5
1479,200,10,1,170.4,1479,2000,5
1480,200,10,1,170.6,1480,2000,5
1481,200,10,1,170.6,1481,2000,5
1482,200,10,1,170.6,1482,2000,5
1483,200,10,1,170.6,1483,2000,5
1484,200,10,1,170.8,1484,2000,5
1485,200,10,1,170.8,1485,2000,5
1486,200,10,1,170.8,1486,2000,5
1487,200,10,1,169.8,1487,2000,5
1488,200,10,1,169.8,1488,2000,5
1489,200,10,1,169.8,1489,2000,5
1490,200,10,1,169.8,1490,2000,5
1491,200,10,1,170.0,1491,2000,5
1492,200,10,1,170.0,1492,2000,5
1493,200,10,1,170.0,1493,2000,5
1494,200,10,1,170.0,1494,2000,5
1495,200,10,1,170.0,1495,2000,5
1496,200,10,1,170.4,1496,2000,5
1497,200,10,1,170.4,1497,2000,5
1498,200,10,1,169.4,1498,2000,5
1499,200,10,1,169.4,1499,2000,5
1500,200,10,1,169.4,1500,2000,5
1501,200,10,1,169.6,1501,2000,5
1502,200,10,1,169.8,1502,2000,5
1503,200,10,1,170.0,1503,2000,5
1504,200,10,1,170.2,1504,2000,5
1505,200,10,1,170.2,1505,2000,5
1506,200,10,1,170.2,1506,2000,5
1507,200,10,1,170.4,1507,2000,5
1508,200,10,1,170.4,1508,2000,5
1509,200,10,1,169.8,1509,2000,5
1510,200,10,1,169.8,1510,2000,5
1511,200,10,1,170.0,1511,2000,5
1512,200,10,1,170.2,1512,2000,5
1513,200,10,1,170.2,1513,2000,5
1514,200,10,1,170.4,1514,2000,5
1515,200,10,1,170.4,1515,2000,5
1516,200,10,1,170.4,1516,2000,5
1517,200,10,1,170.4,1517,2000,5
1518,200,10,1,170.4,1518,2000,5
1519,200,10,1,170.4,1519,2000,5
1520,200,10,1,169.8,1520,2000,5
1521,200,10,1,169.8,1521,2000,5
1522,200,10,1,169.8,1522,2000,5
1523,200,10,1,169.8,1523,2000,5
1524,200,10,1,169.8,1524,2000,5
1525,200,10,1,169.8,1525,2000,5
1526,200,10,1,169.8,1526,2000,5
1527,200,10,1,170.0,1527,2000,5
1528,200,10,1,170.2,1528,2000,5
1529,200,10,1,170.2,1529,2000,5
1530,200,10,1,170.2,1530,2000,5
1531,200,10,1,169.2,1531,2000,5
1532,200,10,1,169.6,1532,2000,5
1533,200,10,1,169.8,1533,2000,5
1534,200,10,1,169.8,1534,2000,5
1535,200,10,1,169.8,1535,2000,5
1536,200,10,1,169.8,1536,2000,5
1537,200,10,1,169.8,1537,2000,5
1538,200,10,1,170.0,1538,2000,5
1539,200,10,1,170.2,1539,2000,5
1540,200,10,1,170.4,1540,2000,5
1541,200,10,1,170.4,1541,2000,5
1542,200,10,1,169.4,1542,2000,5
1543,200,10,1,169.4,1543,2000,5
1544,200,10,1,169.6,1544,2000,5
1545,200,10,1,169.6,1545,2000,5
1546,200,10,1,169.8,1546,2000,5
1547,200,10,1,169.8,1547,2000,5
1548,200,10,1,169.8,1548,2000,5
1549,200,10,1,169.8,1549,2000,5
1550,200,10,1,169.8,1550,2000,5
1551,200,10,1,169.8,1551,2000,5
1552,200,10,1,169.8,1552,2000,5
1553,200,10,1,168.8,1553,2000,5
1554,200,10,1,168.8,1554,2000,5
1555,200,10,1,168.8,1555,2000,5
1556,200,10,1,168.8,1556,2000,5
1557,200,10,1,168.8,1557,2000,5
1558,200,10,1,168.8,1558,2000,5
1559,200,10,1,168.8,1559,2000,5
1560,200,10,1,168.8,1560,2000,5
1561,200,10,1,168.8,1561,2000,5
1562,200,10,1,169.4,1562,2000,5
1563,200,10,1,169.4,1563,2000,5
1564,200,10,1,168.8,1564,2000,5
1565,200,10,1,168.8,1565,2000,5
1566,200,10,1,168.8,1566,2000,5
1567,200,10,1,168.8,1567,2000,5
1568,200,10,1,168.8,1568,2000,5
1569,200,10,1,168.8,1569,2000,5
1570,200,10,1,168.8,1570,2000,5
1571,200,10,1,169.0,1571,2000,5
1572,200,10,1,169.0,1572,2000,5
1573,200,10,1,169.0,1573,2000,5
1574,200,10,1,169.0,1574,2000,5
1575,200,10,1,168.0,1575,2000,5
1576,200,10,1,168.0,1576,2000,5
1577,200,10,1,168.0,1577,2000,5
1578,200,10,1,168.0,1578,2000,5
1579,200,10,1,168.0,1579,2000,5
1580,200,10,1,168.0,1580,2000,5
1581,200,10,1,168.0,1581,2000,5
1582,200,10,1,168.0,1582,2000,5
1583,200,10,1,168.2,1583,2000,5
1584,200,10,1,168.2,1584,2000,5
1585,200,10,1,168.2,1585,2000,5
1586,200,10,1,167.4,1586,2000,5
1587,200,10,1,167.4,1587,2000,5
1588,200,10,1,167.4,1588,2000,5
1589,200,10,1,167.4,1589,2000,5
1590,200,10,1,167.4,1590,2000,5
1591,200,10,1,167.4,1591,2000,5
1592,200,10,1,167.6,1592,2000,5
1593,200,10,1,167.6,1593,2000,5
1594,200,10,1,167.8,1594,2000,5
1595,200,10,1,168.0,1595,2000,5
1596,200,10,1,168.0,1596,2000,5
1597,200,10,1,167.4,1597,2000,5
1598,200,10,1,167.6,1598,2000,5
1599,200,10,1,167.6,1599,2000,5
1600,200,10,1,167.6,1600,2000,5
1601,200,10,1,167.6,1601,2000,5
1602,200,10,1,167.6,1602,2000,5
1603,200,10,1,167.6,1603,2000,5
1604,200,10,1,167.6,1604,2000,5
1605,200,10,1,167.6,1605,2000,5
1606,200,10,1,167.6,1606,2000,5
1607,200,10,1,167.6,1607,2000,5
1608,200,10,1,166.8,1608,2000,5
1609,200,10,1,166.8,1609,2000,5
1610,200,10,1,167.4,1610,2000,5
1611,200,10,1,167.6,1611,2000,5
1612,200,10,1,167.8,1612,2000,5
1613,200,10,1,167.8,1613,2000,5
1614,200,10,1,167.8,1614,2000,5
1615,200,10,1,167.8,1615,2000,5
1616,200,10,1,167.8,1616,2000,5
1617,200,10,1,167.8,1617,2000,5
1618,200,10,1,167.8,1618,2000,5
1619,200,10,1,167.6,1619,2000,5
1620,200,10,1,167.6,1620,2000,5
1621,200,10,1,167.6,1621,2000,5
1622,200,10,1,167.6,1622,2000,5
1623,200,10,1,167.6,1623,2000,5
1624,200,10,1,167.6,1624,2000,5
1625,200,10,1,167.6,1625,2000,5
1626,200,10,1,167.6,1626,2000,5
1627,200,10,1,167.8,1627,2000,5
1628,200,10,1,167.8,1628,2000,5
1629,200,10,1,167.8,1629,2000,5
1630,200,10,1,166.8,1630,2000,5
1631,200,10,1,167.0,1631,2000,5
1632,200,10,1,167.0,1632,2000,5
1633,200,10,1,167.0,1633,2000,5
1634,200,10,1,167.0,1634,2000,5
1635,200,10,1,167.0,1635,2000,5
1636,200,10,1,167.0,1636,2000,5
1637,200,10,1,167.0,1637,2000,5
1638,200,10,1,167.0,1638,2000,5
1639,200,10,1,167.0,1639,2000,5
1640,200,10,1,167.0,1640,2000,5
1641,200,10,1,166.0,1641,2000,5
1642,200,10,1,166.2,1642,2000,5
1643,200,10,1,166.2,1643,2000,5
1644,200,10,1,166.2,1644,2000,5
1645,200,10,1,166.2,1645,2000,5
1646,200,10,1,166.4,1646,2000,5
1647,200,10,1,166.4,1647,2000,5
1648,200,10,1,166.4,1648,2000,5
1649,200,10,1,166.4,1649,2000,5
1650,200,10,1,166.6,1650,2000,5
1651,200,10,1,166.6,1651,2000,5
1652,200,10,1,166.0,1652,2000,5
1653,200,10,1,166.2,1653,2000,5
1654,200,10,1,166.6,1654,2000,5
1655,200,10,1,166.6,1655,2000,5
1656,200,10,1,166.6,1656,2000,5
1657,200,10,1,166.8,1657,2000,5
1658,200,10,1,167.0,1658,2000,5
1659,200,10,1,167.0,1659,2000,5
1660,200,10,1,167.6,1660,2000,5
1661,200,10,1,167.8,1661,2000,5
1662,200,10,1,167.8,1662,2000,5
1663,200,10,1,166.8,1663,2000,5
1664,200,10,1,166.8,1664,2000,5
1665,200,10,1,166.8,1665,2000,5
1666,200,10,1,166.8,1666,2000,5
1667,200,10,1,167.0,1667,2000,5
1668,200,10,1,167.0,1668,2000,5
1669,200,10,1,167.2,1669,2000,5
1670,200,10,1,167.2,1670,2000,5
1671,200,10,1,167.4,1671,2000,5
1672,200,10,1,167.8,1672,2000,5
1673,200,10,1,167.8,1673,2000,5
1674,200,10,1,166.8,1674,2000,5
1675,200,10,1,166.8,1675,2000,5
1676,200,10,1,167.0,1676,2000,5
1677,200,10,1,167.0,1677,2000,5
1678,200,10,1,167.2,1678,2000,5
1679,200,10,1,167.4,1679,2000,5
1680,200,10,1,167.6,1680,2000,5
1681,200,10,1,167.6,1681,2000,5
1682,200,10,1,167.6,1682,2000,5
1683,200,10,1,167.6,1683,2000,5
1684,200,10,1,167.6,1684,2000,5
1685,200,10,1,167.4,1685,2000,5
1686,200,10,1,167.4,1686,2000,5
1687,200,10,1,167.4,1687,2000,5
1688,200,10,1,167.4,1688,2000,5
1689,200,10,1,167.6,1689,2000,5
1690,200,10,1,167.8,1690,2000,5
1691,200,10,1,168.0,1691,2000,5
1692,200,10,1,168.2,1692,2000,5
1693,200,10,1,168.2,1693,2000,5
1694,200,10,1,168.4,1694,2000,5
1695,200,10,1,168.4,1695,2000,5
1696,200,10,1,167.4,1696,2000,5
1697,200,10,1,167.4,1697,2000,5
1698,200,10,1,167.4,1698,2000,5
1699,200,10,1,167.6,1699,2000,5
1700,200,10,1,167.6,1700,2000,5
1701,200,10,1,167.8,1701,2000,5
1702,200,10,1,168.0,1702,2000,5
1703,200,10,1,168.0,1703,2000,5
1704,200,10,1,168.0,1704,2000,5
1705,200,10,1,168.0,1705,2000,5
1706,200,10,1,168.0,1706,2000,5
1707,200,10,1,167.0,1707,2000,5
1708,200,10,1,167.0,1708,2000,5
1709,200,10,1,167.0,1709,2000,5
1710,200,10,1,167.0,1710,2000,5
1711,200,10,1,167.0,1711,2000,5
1712,200,10,1,167.0,1712,2000,5
1713,200,10,1,167.4,1713,2000,5
1714,200,10,1,167.4,1714,2000,5
1715,200,10,1,167.4,1715,2000,5
1716,200,10,1,167.4,1716,2000,5
1717,200,10,1,167.4,1717,2000,5
1718,200,10,1,167.2,1718,2000,5
1719,200,10,1,167.2,1719,2000,5
1720,200,10,1,167.4,1720,2000,5
1721,200,10,1,167.4,1721,2000,5
1722,200,10,1,167.8,1722,2000,5
1723,200,10,1,167.8,1723,2000,5
1724,200,10,1,167.8,1724,2000,5
1725,200,10,1,167.8,1725,2000,5
1726,200,10,1,167.8,1726,2000,5
1727,200,10,1,168.0,1727,2000,5
1728,200,10,1,168.0,1728,2000,5
1729,200,10,1,167.0,1729,2000,5
1730,200,10,1,167.0,1730,2000,5
1731,200,10,1,167.0,1731,2000,5
1732,200,10,1,167.0,1732,2000,5
1733,200,10,1,167.0,1733,2000,5
1734,200,10,1,167.2,1734,2000,5
1735,200,10,1,167.2,1735,2000,5
1736,200,10,1,167.2,1736,2000,5
1737,200,10,1,167.2,1737,2000,5
1738,200,10,1,167.4,1738,2000,5
1739,200,10,1,167.4,1739,2000,5
1740,200,10,1,167.0,1740,2000,5
1741,200,10,1,167.2,1741,2000,5
1742,200,10,1,167.2,1742,2000,5
1743,200,10,1,167.2,1743,2000,5
1744,200,10,1,167.4,1744,2000,5
1745,200,10,1,167.4,1745,2000,5
1746,200,10,1,167.4,1746,2000,5
1747,200,10,1,167.4,1747,2000,5
1748,200,10,1,167.4,1748,2000,5
1749,200,10,1,167.6,1749,2000,5
1750,200,10,1,167.6,1750,2000,5
1751,200,10,1,167.4,1751,2000,5
1752,200,10,1,167.4,1752,2000,5
1753,200,10,1,167.4,1753,2000,5
1754,200,10,1,167.6,1754,2000,5
1755,200,10,1,167.6,1755,2000,5
1756,200,10,1,167.6,1756,2000,5
1757,200,10,1,167.8,1757,2000,5
1758,200,10,1,168.0,1758,2000,5
1759,200,10,1,168.0,1759,2000,5
1760,200,10,1,169.0,1760,2000,5
1761,200,10,1,169.0,1761,2000,5
1762,200,10,1,168.6,1762,2000,5
1763,200,10,1,168.6,1763,2000,5
1764,200,10,1,168.6,1764,2000,5
1765,200,10,1,168.8,1765,2000,5
1766,200,10,1,168.8,1766,2000,5
1767,200,10,1,168.8,1767,2000,5
1768,200,10,1,168.8,1768,2000,5
1769,200,10,1,169.0,1769,2000,5
1770,200,10,1,169.0,1770,2000,5
1771,200,10,1,169.2,1771,2000,5
1772,200,10,1,169.2,1772,2000,5
1773,200,10,1,168.8,1773,2000,5
1774,200,10,1,168.8,1774,2000,5
1775,200,10,1,168.8,1775,2000,5
1776,200,10,1,168.8,1776,2000,5
1777,200,10,1,168.8,1777,2000,5
1778,200,10,1,168.8,1778,2000,5
1779,200,10,1,168.8,1779,2000,5
1780,200,10,1,168.8,1780,2000,5
1781,200,10,1,169.0,1781,2000,5
1782,200,10,1,169.0,1782,2000,5
1783,200,10,1,169.0,1783,2000,5
1784,200,10,1,168.0,1784,2000,5
1785,200,10,1,168.4,1785,2000,5
1786,200,10,1,168.4,1786,2000,5
1787,200,10,1,168.4,1787,2000,5
1788,200,10,1,168.6,1788,2000,5
1789,200,10,1,168.6,1789,2000,5
1790,200,10,1,168.8,1790,2000,5
1791,200,10,1,168.8,1791,2000,5
1792,200,10,1,168.8,1792,2000,5
1793,200,10,1,168.8,1793,2000,5
1794,200,10,1,168.8,1794,2000,5
1795,200,10,1,168.2,1795,2000,5
1796,200,10,1,168.2,1796,2000,5
1797,200,10,1,168.2,1797,2000,5
1798,200,10,1,168.2,1798,2000,5
1799,200,10,1,168.2,1799,2000,5
1800,200,10,1,168.4,1800,2000,5
1801,200,10,1,168.8,1801,2000,5
1802,200,10,1,168.8,1802,2000,5
1803,200,10,1,168.8,1803,2000,5
1804,200,10,1,168.8,1804,2000,5
1805,200,10,1,168.8,1805,2000,5
1806,200,10,1,167.8,1806,2000,5
1807,200,10,1,167.8,1807,2000,5
1808,200,10,1,168.0,1808,2000,5
1809,200,10,1,168.4,1809,2000,5
1810,200,10,1,168.4,1810,2000,5
1811,200,10,1,168.4,1811,2000,5
1812,200,10,1,168.4,1812,2000,5
1813,200,10,1,168.6,1813,2000,5
1814,200,10,1,169.0,1814,2000,5
1815,200,10,1,169.2,1815,2000,5
1816,200,10,1,169.2,1816,2000,5
1817,200,10,1,169.0,1817,2000,5
1818,200,10,1,169.2,1818,2000,5
1819,200,10,1,169.4,1819,2000,5
1820,200,10,1,169.6,1820,2000,5
1821,200,10,1,169.8,1821,2000,5
1822,200,10,1,170.0,1822,2000,5
1823,200,10,1,170.0,1823,2000,5
1824,200,10,1,170.0,1824,2000,5
1825,200,10,1,170.0,1825,2000,5
1826,200,10,1,170.0,1826,2000,5
1827,200,10,1,170.0,1827,2000,5
1828,200,10,1,169.0,1828,2000,5
1829,200,10,1,169.2,1829,2000,5
1830,200,10,1,169.2,1830,2000,5
1831,200,10,1,169.2,1831,2000,5
1832,200,10,1,169.4,1832,2000,5
1833,200,10,1,169.4,1833,2000,5
1834,200,10,1,169.4,1834,2000,5
1835,200,10,1,169.4,1835,2000,5
1836,200,10,1,169.6,1836,2000,5
1837,200,10,1,169.8,1837,2000,5
1838,200,10,1,169.8,1838,2000,5
1839,200,10,1,168.8,1839,2000,5
1840,200,10,1,169.2,1840,2000,5
1841,200,10,1,169.4,1841,2000,5
1842,200,10,1,169.4,1842,2000,5
1843,200,10,1,169.4,1843,2000,5
1844,200,10,1,169.4,1844,2000,5
1845,200,10,1,169.4,1845,2000,5
1846,200,10,1,169.4,1846,2000,5
1847,200,10,1,169.6,1847,2000,5
1848,200,10,1,169.6,1848,2000,5
1849,200,10,1,169.6,1849,2000,5
1850,200,10,1,168.6,1850,2000,5
1851,200,10,1,168.6,1851,2000,5
1852,200,10,1,169.0,1852,2000,5
1853,200,10,1,169.0,1853,2000,5
1854,200,10,1,169.2,1854,2000,5
1855,200,10,1,169.2,1855,2000,5
1856,200,10,1,169.2,1856,2000,5
1857,200,10,1,169.2,1857,2000,5
1858,200,10,1,169.2,1858,2000,5
1859,200,10,1,169.2,1859,2000,5
1860,200,10,1,169.2,1860,2000,5
1861,200,10,1,168.2,1861,2000,5
1862,200,10,1,168.2,1862,2000,5
1863,200,10,1,168.2,1863,2000,5
1864,200,10,1,168.8,1864,2000,5
1865,200,10,1,168.8,1865,2000,5
1866,200,10,1,168.8,1866,2000,5
1867,200,10,1,168.8,1867,2000,5
1868,200,10,1,168.8,1868,2000,5
1869,200,10,1,168.8,1869,2000,5
1870,200,10,1,169.0,1870,2000,5
1871,200,10,1,169.0,1871,2000,5
1872,200,10,1,168.4,1872,2000,5
1873,200,10,1,168.4,1873,2000,5
1874,200,10,1,168.4,1874,2000,5
1875,200,10,1,168.4,1875,2000,5
1876,200,10,1,168.6,1876,2000,5
1877,200,10,1,168.6,1877,2000,5
1878,200,10,1,168.6,1878,2000,5
1879,200,10,1,168.6,1879,2000,5
1880,200,10,1,168.8,1880,2000,5
1881,200,10,1,168.8,1881,2000,5
1882,200,10,1,168.8,1882,2000,5
1883,200,10,1,168.2,1883,2000,5
1884,200,10,1,168.4,1884,2000,5
1885,200,10,1,168.4,1885,2000,5
1886,200,10,1,168.4,1886,2000,5
1887,200,10,1,168.6,1887,2000,5
1888,200,10,1,168.8,1888,2000,5
1889,200,10,1,168.8,1889,2000,5
1890,200,10,1,168.8,1890,2000,5
1891,200,10,1,168.8,1891,2000,5
1892,200,10,1,169.0,1892,2000,5
1893,200,10,1,169.0,1893,2000,5
1894,200,10,1,168.0,1894,2000,5
1895,200,10,1,168.0,1895,2000,5
1896,200,10,1,168.0,1896,2000,5
1897,200,10,1,168.0,1897,2000,5
1898,200,10,1,168.0,1898,2000,5
1899,200,10,1,168.2,1899,2000,5
1900,200,10,1,168.2,1900,2000,5
1901,200,10,1,168.2,1901,2000,5
1902,200,10,1,168.6,1902,2000,5
1903,200,10,1,168.6,1903,2000,5
1904,200,10,1,168.6,1904,2000,5
1905,200,10,1,167.6,1905,2000,5
1906,200,10,1,167.6,1906,2000,5
1907,200,10,1,167.6,1907,2000,5
1908,200,10,1,167.6,1908,2000,5
1909,200,10,1,167.6,1909,2000,5
1910,200,10,1,167.6,1910,2000,5
1911,200,10,1,167.6,1911,2000,5
1912,200,10,1,167.6,1912,2000,5
1913,200,10,1,167.6,1913,2000,5
1914,200,10,1,167.6,1914,2000,5
1915,200,10,1,167.6,1915,2000,5
1916,200,10,1,166.6,1916,2000,5
1917,200,10,1,166.8,1917,2000,5
1918,200,10,1,166.8,1918,2000,5
1919,200,10,1,166.8,1919,2000,5
1920,200,10,1,166.8,1920,2000,5
1921,200,10,1,166.8,1921,2000,5
1922,200,10,1,167.0,1922,2000,5
1923,200,10,1,167.0,1923,2000,5
1924,200,10,1,167.0,1924,2000,5
1925,200,10,1,167.0,1925,2000,5
1926,200,10,1,167.0,1926,2000,5
1927,200,10,1,166.0,1927,2000,5
1928,200,10,1,166.2,1928,2000,5
1929,200,10,1,166.8,1929,2000,5
1930,200,10,1,166.8,1930,2000,5
1931,200,10,1,166.8,1931,2000,5
1932,200,10,1,167.0,1932,2000,5
1933,200,10,1,167.0,1933,2000,5
1934,200,10,1,167.2,1934,2000,5
1935,200,10,1,167.2,1935,2000,5
1936,200,10,1,167.2,1936,2000,5
1937,200,10,1,167.2,1937,2000,5
1938,200,10,1,167.0,1938,2000,5
1939,200,10,1,167.2,1939,2000,5
1940,200,10,1,167.2,1940,2000,5
1941,200,10,1,167.2,1941,2000,5
1942,200,10,1,167.2,1942,2000,5
1943,200,10,1,167.2,1943,2000,5
1944,200,10,1,167.2,1944,2000,5
1945,200,10,1,167.2,1945,2000,5
1946,200,10,1,167.2,1946,2000,5
1947,200,10,1,167.4,1947,2000,5
1948,200,10,1,167.4,1948,2000,5
1949,200,10,1,166.6,1949,2000,5
1950,200,10,1,166.6,1950,2000,5
1951,200,10,1,166.6,1951,2000,5
1952,200,10,1,166.6,1952,2000,5
1953,200,10,1,167.2,1953,2000,5
1954,200,10,1,167.2,1954,2000,5
1955,200,10,1,167.4,1955,2000,5
1956,200,10,1,167.4,1956,2000,5
1957,200,10,1,167.4,1957,2000,5
1958,200,10,1,167.6,1958,2000,5
1959,200,10,1,167.6,1959,2000,5
1960,200,10,1,168.2,1960,2000,5
1961,200,10,1,168.2,1961,2000,5
1962,200,10,1,168.4,1962,2000,5
1963,200,10,1,168.6,1963,2000,5
1964,200,10,1,168.6,1964,2000,5
1965,200,10,1,168.6,1965,2000,5
1966,200,10,1,168.6,1966,2000,5
1967,200,10,1,168.6,1967,2000,5
1968,200,10,1,168.6,1968,2000,5
1969,200,10,1,168.6,1969,2000,5
1970,200,10,1,168.6,1970,2000,5
1971,200,10,1,168.0,1971,2000,5
1972,200,10,1,168.0,1972,2000,5
1973,200,10,1,168.2,1973,2000,5
1974,200,10,1,168.4,1974,2000,5
1975,200,10,1,168.4,1975,2000,5
1976,200,10,1,168.6,1976,2000,5
1977,200,10,1,168.8,1977,2000,5
1978,200,10,1,168.8,1978,2000,5
1979,200,10,1,169.0,1979,2000,5
1980,200,10,1,169.4,1980,2000,5
1981,200,10,1,169.4,1981,2000,5
1982,200,10,1,168.4,1982,2000,5
1983,200,10,1,168.4,1983,2000,5
1984,200,10,1,168.4,1984,2000,5
1985,200,10,1,168.4,1985,2000,5
1986,200,10,1,168.6,1986,2000,5
1987,200,10,1,169.0,1987,2000,5
1988,200,10,1,169.2,1988,2000,5
1989,200,10,1,169.2,1989,2000,5
1990,200,10,1,169.4,1990,2000,5
1991,200,10,1,169.4,1991,2000,5
1992,200,10,1,169.4,1992,2000,5
1993,200,10,1,168.8,1993,2000,5
1994,200,10,1,169.2,1994,2000,5
1995,200,10,1,169.4,1995,2000,5
1996,200,10,1,169.4,1996,2000,5
1997,200,10,1,169.6,1997,2000,5
1998,200,10,1,169.8,1998,2000,5
1999,200,10,1,169.8,1999,2000,5
